"","vaccine","ISO3","Granted","Abandoned","Pending","Rejected","Expired","Withdrawn"
"1","Ad26.COV2-S, J&J","ALB",3,NA,NA,NA,4,2
"2","Ad26.COV2-S, J&J","ARM",1,NA,NA,NA,1,NA
"3","Ad26.COV2-S, J&J","AUS",6,NA,NA,NA,7,NA
"4","Ad26.COV2-S, J&J","AUT",6,NA,NA,NA,10,7
"5","Ad26.COV2-S, J&J","AZE",1,NA,NA,NA,1,NA
"6","Ad26.COV2-S, J&J","BLR",4,NA,NA,NA,1,NA
"7","Ad26.COV2-S, J&J","BEL",6,NA,NA,NA,12,7
"8","Ad26.COV2-S, J&J","BEN",1,NA,NA,NA,NA,NA
"9","Ad26.COV2-S, J&J","BIH",1,NA,NA,NA,NA,NA
"10","Ad26.COV2-S, J&J","BWA",1,NA,NA,NA,NA,NA
"11","Ad26.COV2-S, J&J","BRA",2,NA,2,1,NA,NA
"12","Ad26.COV2-S, J&J","BGR",1,NA,NA,NA,4,3
"13","Ad26.COV2-S, J&J","BFA",1,NA,NA,NA,NA,NA
"14","Ad26.COV2-S, J&J","CMR",1,NA,NA,NA,NA,NA
"15","Ad26.COV2-S, J&J","CAN",4,2,2,NA,8,NA
"16","Ad26.COV2-S, J&J","CAF",1,NA,NA,NA,NA,NA
"17","Ad26.COV2-S, J&J","TCD",1,NA,NA,NA,NA,NA
"18","Ad26.COV2-S, J&J","CHN",7,NA,1,NA,2,1
"19","Ad26.COV2-S, J&J","COM",1,NA,NA,NA,NA,NA
"20","Ad26.COV2-S, J&J","COG",1,NA,NA,NA,NA,NA
"21","Ad26.COV2-S, J&J","CIV",1,NA,NA,NA,NA,NA
"22","Ad26.COV2-S, J&J","HRV",2,NA,NA,NA,NA,2
"23","Ad26.COV2-S, J&J","CYP",1,NA,NA,NA,3,7
"24","Ad26.COV2-S, J&J","CZE",3,NA,NA,NA,4,3
"25","Ad26.COV2-S, J&J","DNK",5,NA,NA,NA,13,7
"26","Ad26.COV2-S, J&J","GNQ",1,NA,NA,NA,NA,NA
"27","Ad26.COV2-S, J&J","EST",1,NA,NA,NA,4,3
"28","Ad26.COV2-S, J&J","FIN",3,NA,NA,NA,11,7
"29","Ad26.COV2-S, J&J","FRA",7,NA,NA,NA,13,7
"30","Ad26.COV2-S, J&J","GAB",1,NA,NA,NA,NA,NA
"31","Ad26.COV2-S, J&J","GMB",1,NA,NA,NA,NA,NA
"32","Ad26.COV2-S, J&J","DEU",7,NA,NA,NA,13,7
"33","Ad26.COV2-S, J&J","GHA",1,NA,NA,NA,NA,NA
"34","Ad26.COV2-S, J&J","GRC",1,NA,NA,NA,5,7
"35","Ad26.COV2-S, J&J","GIN",1,NA,NA,NA,NA,NA
"36","Ad26.COV2-S, J&J","GNB",1,NA,NA,NA,NA,NA
"37","Ad26.COV2-S, J&J","HKG",5,NA,NA,NA,3,1
"38","Ad26.COV2-S, J&J","HUN",1,NA,NA,NA,1,3
"39","Ad26.COV2-S, J&J","ISL",1,NA,NA,NA,4,3
"40","Ad26.COV2-S, J&J","IND",4,1,3,NA,NA,NA
"41","Ad26.COV2-S, J&J","IRL",6,NA,NA,NA,12,7
"42","Ad26.COV2-S, J&J","ISR",5,1,NA,NA,5,NA
"43","Ad26.COV2-S, J&J","ITA",6,NA,NA,NA,11,7
"44","Ad26.COV2-S, J&J","JPN",6,NA,NA,2,8,1
"45","Ad26.COV2-S, J&J","KAZ",1,NA,NA,NA,1,NA
"46","Ad26.COV2-S, J&J","KEN",1,NA,NA,NA,NA,NA
"47","Ad26.COV2-S, J&J","KGZ",1,NA,NA,NA,1,NA
"48","Ad26.COV2-S, J&J","LVA",3,NA,NA,NA,1,2
"49","Ad26.COV2-S, J&J","LSO",1,NA,NA,NA,NA,NA
"50","Ad26.COV2-S, J&J","LBR",1,NA,NA,NA,NA,NA
"51","Ad26.COV2-S, J&J","LIE",6,NA,NA,NA,13,7
"52","Ad26.COV2-S, J&J","LTU",3,NA,NA,NA,1,2
"53","Ad26.COV2-S, J&J","LUX",3,NA,NA,NA,6,7
"54","Ad26.COV2-S, J&J","MKD",3,NA,NA,NA,3,3
"55","Ad26.COV2-S, J&J","MWI",1,NA,NA,NA,NA,NA
"56","Ad26.COV2-S, J&J","MYS",1,NA,NA,NA,NA,NA
"57","Ad26.COV2-S, J&J","MLI",1,NA,NA,NA,NA,NA
"58","Ad26.COV2-S, J&J","MLT",2,NA,NA,NA,NA,2
"59","Ad26.COV2-S, J&J","MRT",1,NA,NA,NA,NA,NA
"60","Ad26.COV2-S, J&J","MEX",3,NA,NA,NA,2,1
"61","Ad26.COV2-S, J&J","MCO",1,NA,NA,NA,6,7
"62","Ad26.COV2-S, J&J","MNE",1,NA,NA,NA,NA,NA
"63","Ad26.COV2-S, J&J","MOZ",1,NA,NA,NA,NA,NA
"64","Ad26.COV2-S, J&J","NAM",1,NA,NA,NA,NA,NA
"65","Ad26.COV2-S, J&J","NLD",6,NA,NA,NA,12,7
"66","Ad26.COV2-S, J&J","NZL",5,NA,2,NA,5,NA
"67","Ad26.COV2-S, J&J","NER",1,NA,NA,NA,NA,NA
"68","Ad26.COV2-S, J&J","NOR",3,NA,NA,NA,2,2
"69","Ad26.COV2-S, J&J","PHL",1,NA,NA,NA,NA,NA
"70","Ad26.COV2-S, J&J","POL",2,NA,NA,NA,NA,2
"71","Ad26.COV2-S, J&J","PRT",3,NA,NA,NA,10,7
"72","Ad26.COV2-S, J&J","KOR",5,1,1,NA,4,1
"73","Ad26.COV2-S, J&J","MDA",1,NA,NA,NA,1,NA
"74","Ad26.COV2-S, J&J","ROU",2,NA,NA,NA,3,4
"75","Ad26.COV2-S, J&J","RUS",4,NA,NA,NA,1,NA
"76","Ad26.COV2-S, J&J","RWA",1,NA,NA,NA,NA,NA
"77","Ad26.COV2-S, J&J","SMR",1,NA,NA,NA,NA,2
"78","Ad26.COV2-S, J&J","STP",1,NA,NA,NA,NA,NA
"79","Ad26.COV2-S, J&J","SEN",1,NA,NA,NA,NA,NA
"80","Ad26.COV2-S, J&J","SRB",1,NA,NA,NA,NA,2
"81","Ad26.COV2-S, J&J","SLE",1,NA,NA,NA,NA,NA
"82","Ad26.COV2-S, J&J","SGP",4,NA,NA,NA,NA,NA
"83","Ad26.COV2-S, J&J","SVK",2,NA,NA,NA,NA,2
"84","Ad26.COV2-S, J&J","SVN",3,NA,NA,NA,5,3
"85","Ad26.COV2-S, J&J","SOM",1,NA,NA,NA,NA,NA
"86","Ad26.COV2-S, J&J","ZAF",5,NA,NA,NA,1,NA
"87","Ad26.COV2-S, J&J","ESP",6,NA,NA,NA,11,7
"88","Ad26.COV2-S, J&J","SDN",1,NA,NA,NA,NA,NA
"89","Ad26.COV2-S, J&J","SWZ",1,NA,NA,NA,NA,NA
"90","Ad26.COV2-S, J&J","SWE",6,NA,NA,NA,12,7
"91","Ad26.COV2-S, J&J","CHE",6,NA,NA,NA,12,7
"92","Ad26.COV2-S, J&J","TJK",1,NA,NA,NA,1,NA
"93","Ad26.COV2-S, J&J","TGO",1,NA,NA,NA,NA,NA
"94","Ad26.COV2-S, J&J","TUR",3,NA,NA,NA,4,4
"95","Ad26.COV2-S, J&J","TKM",1,NA,NA,NA,1,NA
"96","Ad26.COV2-S, J&J","UGA",1,NA,NA,NA,NA,NA
"97","Ad26.COV2-S, J&J","GBR",7,NA,NA,NA,13,7
"98","Ad26.COV2-S, J&J","TZA",1,NA,NA,NA,NA,NA
"99","Ad26.COV2-S, J&J","USA",15,20,2,NA,35,NA
"100","Ad26.COV2-S, J&J","VNM",1,NA,NA,NA,NA,NA
"101","Ad26.COV2-S, J&J","ZMB",1,NA,NA,NA,NA,NA
"102","Ad26.COV2-S, J&J","ZWE",1,NA,NA,NA,NA,NA
"103","AZD1222, AstraZeneca-Oxford","AUS",1,NA,1,NA,NA,NA
"104","AZD1222, AstraZeneca-Oxford","BEL",1,NA,2,NA,NA,NA
"105","AZD1222, AstraZeneca-Oxford","CHN",1,NA,1,NA,NA,NA
"106","AZD1222, AstraZeneca-Oxford","DNK",1,NA,2,NA,NA,NA
"107","AZD1222, AstraZeneca-Oxford","FRA",1,NA,2,NA,NA,NA
"108","AZD1222, AstraZeneca-Oxford","DEU",1,NA,2,NA,NA,NA
"109","AZD1222, AstraZeneca-Oxford","IND",1,NA,1,NA,NA,NA
"110","AZD1222, AstraZeneca-Oxford","IRL",1,NA,2,NA,NA,NA
"111","AZD1222, AstraZeneca-Oxford","ITA",1,NA,2,NA,NA,NA
"112","AZD1222, AstraZeneca-Oxford","JPN",1,NA,NA,NA,NA,NA
"113","AZD1222, AstraZeneca-Oxford","LIE",1,NA,2,NA,NA,NA
"114","AZD1222, AstraZeneca-Oxford","NLD",1,NA,2,NA,NA,NA
"115","AZD1222, AstraZeneca-Oxford","NOR",1,NA,2,NA,NA,NA
"116","AZD1222, AstraZeneca-Oxford","ZAF",1,NA,NA,NA,NA,NA
"117","AZD1222, AstraZeneca-Oxford","ESP",1,NA,2,NA,NA,NA
"118","AZD1222, AstraZeneca-Oxford","SWE",1,NA,2,NA,NA,NA
"119","AZD1222, AstraZeneca-Oxford","CHE",1,NA,2,NA,NA,NA
"120","AZD1222, AstraZeneca-Oxford","GBR",1,NA,2,NA,NA,NA
"121","AZD1222, AstraZeneca-Oxford","USA",2,NA,1,NA,NA,NA
"122","Covaxin, Bharat-ICMR","USA",3,2,NA,NA,NA,NA
"123","mRNA-1273, Moderna","ALB",3,NA,18,NA,NA,12
"124","mRNA-1273, Moderna","AUS",12,NA,7,NA,NA,NA
"125","mRNA-1273, Moderna","AUT",2,NA,18,NA,NA,12
"126","mRNA-1273, Moderna","BEL",4,NA,18,NA,NA,12
"127","mRNA-1273, Moderna","BIH",3,NA,5,NA,NA,1
"128","mRNA-1273, Moderna","CAN",1,14,7,NA,NA,NA
"129","mRNA-1273, Moderna","CHN",2,NA,5,2,NA,3
"130","mRNA-1273, Moderna","HRV",2,NA,18,NA,NA,12
"131","mRNA-1273, Moderna","CYP",5,NA,18,NA,NA,12
"132","mRNA-1273, Moderna","CZE",2,NA,18,NA,NA,12
"133","mRNA-1273, Moderna","DNK",3,NA,18,NA,NA,12
"134","mRNA-1273, Moderna","EST",1,NA,18,NA,NA,12
"135","mRNA-1273, Moderna","FIN",2,NA,18,NA,NA,12
"136","mRNA-1273, Moderna","FRA",7,NA,18,NA,NA,12
"137","mRNA-1273, Moderna","DEU",7,NA,18,NA,NA,12
"138","mRNA-1273, Moderna","GRC",1,NA,18,NA,NA,12
"139","mRNA-1273, Moderna","HKG",2,NA,11,NA,NA,1
"140","mRNA-1273, Moderna","HUN",6,NA,18,NA,NA,12
"141","mRNA-1273, Moderna","ISL",2,NA,18,NA,NA,12
"142","mRNA-1273, Moderna","IRL",3,NA,18,NA,NA,12
"143","mRNA-1273, Moderna","ISR",3,NA,NA,2,NA,NA
"144","mRNA-1273, Moderna","ITA",4,NA,18,NA,NA,12
"145","mRNA-1273, Moderna","JPN",15,NA,11,21,NA,2
"146","mRNA-1273, Moderna","LVA",1,NA,18,NA,NA,12
"147","mRNA-1273, Moderna","LIE",5,NA,18,NA,NA,12
"148","mRNA-1273, Moderna","LTU",2,NA,18,NA,NA,12
"149","mRNA-1273, Moderna","LUX",3,NA,18,NA,NA,12
"150","mRNA-1273, Moderna","MKD",5,NA,18,NA,NA,12
"151","mRNA-1273, Moderna","MLT",4,NA,17,NA,NA,11
"152","mRNA-1273, Moderna","MEX",1,1,1,NA,NA,NA
"153","mRNA-1273, Moderna","MCO",3,NA,18,NA,NA,12
"154","mRNA-1273, Moderna","MNE",2,NA,4,NA,NA,NA
"155","mRNA-1273, Moderna","NLD",6,NA,18,NA,NA,12
"156","mRNA-1273, Moderna","NZL",3,5,3,NA,NA,NA
"157","mRNA-1273, Moderna","NOR",1,NA,17,NA,NA,11
"158","mRNA-1273, Moderna","POL",3,NA,18,NA,NA,12
"159","mRNA-1273, Moderna","PRT",3,NA,18,NA,NA,12
"160","mRNA-1273, Moderna","KOR",1,NA,NA,2,NA,NA
"161","mRNA-1273, Moderna","ROU",2,NA,18,NA,NA,12
"162","mRNA-1273, Moderna","RUS",4,NA,1,NA,NA,1
"163","mRNA-1273, Moderna","SMR",2,NA,17,NA,NA,11
"164","mRNA-1273, Moderna","SRB",1,NA,18,NA,NA,12
"165","mRNA-1273, Moderna","SVK",2,NA,18,NA,NA,12
"166","mRNA-1273, Moderna","SVN",2,NA,18,NA,NA,12
"167","mRNA-1273, Moderna","ZAF",4,1,3,NA,NA,NA
"168","mRNA-1273, Moderna","ESP",4,NA,18,NA,NA,12
"169","mRNA-1273, Moderna","SWE",2,NA,18,NA,NA,12
"170","mRNA-1273, Moderna","CHE",5,NA,18,NA,NA,12
"171","mRNA-1273, Moderna","TUR",4,NA,18,NA,NA,12
"172","mRNA-1273, Moderna","GBR",7,NA,18,NA,NA,12
"173","mRNA-1273, Moderna","USA",87,52,20,NA,NA,NA
"174","NVX-CoV2373, Novavax","AUS",3,NA,1,NA,NA,NA
"175","NVX-CoV2373, Novavax","AUT",1,NA,1,NA,NA,NA
"176","NVX-CoV2373, Novavax","BEL",1,NA,1,NA,NA,NA
"177","NVX-CoV2373, Novavax","BRA",2,NA,2,NA,NA,NA
"178","NVX-CoV2373, Novavax","CAN",3,NA,1,NA,NA,NA
"179","NVX-CoV2373, Novavax","DNK",2,NA,1,NA,NA,NA
"180","NVX-CoV2373, Novavax","FRA",2,NA,1,NA,NA,NA
"181","NVX-CoV2373, Novavax","DEU",2,NA,1,NA,NA,NA
"182","NVX-CoV2373, Novavax","HUN",1,NA,1,NA,NA,NA
"183","NVX-CoV2373, Novavax","ITA",2,NA,1,NA,NA,NA
"184","NVX-CoV2373, Novavax","JPN",3,NA,1,NA,NA,NA
"185","NVX-CoV2373, Novavax","LIE",2,NA,1,NA,NA,NA
"186","NVX-CoV2373, Novavax","NLD",2,NA,1,NA,NA,NA
"187","NVX-CoV2373, Novavax","NZL",3,NA,NA,NA,NA,NA
"188","NVX-CoV2373, Novavax","POL",1,NA,1,NA,NA,NA
"189","NVX-CoV2373, Novavax","RUS",1,NA,NA,NA,NA,NA
"190","NVX-CoV2373, Novavax","ZAF",3,NA,NA,NA,NA,NA
"191","NVX-CoV2373, Novavax","ESP",2,NA,1,NA,NA,NA
"192","NVX-CoV2373, Novavax","SWE",2,NA,1,NA,NA,NA
"193","NVX-CoV2373, Novavax","CHE",2,NA,1,NA,NA,NA
"194","NVX-CoV2373, Novavax","GBR",2,NA,1,NA,NA,NA
"195","NVX-CoV2373, Novavax","USA",8,6,10,NA,NA,NA
"196","Sputnik V, Gamaleya","ARM",2,NA,1,NA,NA,NA
"197","Sputnik V, Gamaleya","AZE",2,NA,1,NA,NA,NA
"198","Sputnik V, Gamaleya","BLR",2,NA,1,NA,NA,NA
"199","Sputnik V, Gamaleya","KAZ",2,NA,1,NA,NA,NA
"200","Sputnik V, Gamaleya","KGZ",2,NA,1,NA,NA,NA
"201","Sputnik V, Gamaleya","MDA",2,NA,1,NA,NA,NA
"202","Sputnik V, Gamaleya","RUS",6,NA,NA,NA,NA,NA
"203","Sputnik V, Gamaleya","TJK",2,NA,1,NA,NA,NA
"204","Sputnik V, Gamaleya","TKM",2,NA,1,NA,NA,NA
"205","Tozinameran, Pfizer-Biontech","ALB",8,NA,7,NA,NA,1
"206","Tozinameran, Pfizer-Biontech","AUS",11,NA,4,NA,NA,NA
"207","Tozinameran, Pfizer-Biontech","AUT",9,NA,7,NA,NA,1
"208","Tozinameran, Pfizer-Biontech","BEL",10,NA,7,NA,NA,1
"209","Tozinameran, Pfizer-Biontech","BIH",6,NA,3,NA,NA,1
"210","Tozinameran, Pfizer-Biontech","BGR",4,NA,7,NA,NA,1
"211","Tozinameran, Pfizer-Biontech","CAN",4,NA,6,NA,NA,NA
"212","Tozinameran, Pfizer-Biontech","CHN",3,NA,3,2,NA,NA
"213","Tozinameran, Pfizer-Biontech","HRV",6,NA,7,NA,NA,1
"214","Tozinameran, Pfizer-Biontech","CYP",7,NA,7,NA,NA,1
"215","Tozinameran, Pfizer-Biontech","CZE",6,NA,7,NA,NA,1
"216","Tozinameran, Pfizer-Biontech","DNK",9,NA,7,NA,NA,1
"217","Tozinameran, Pfizer-Biontech","EST",3,NA,7,NA,NA,1
"218","Tozinameran, Pfizer-Biontech","FIN",7,NA,7,NA,NA,1
"219","Tozinameran, Pfizer-Biontech","FRA",13,NA,7,NA,NA,1
"220","Tozinameran, Pfizer-Biontech","DEU",13,NA,7,NA,NA,1
"221","Tozinameran, Pfizer-Biontech","GRC",5,NA,7,NA,NA,1
"222","Tozinameran, Pfizer-Biontech","HKG",4,NA,5,NA,NA,NA
"223","Tozinameran, Pfizer-Biontech","HUN",8,NA,7,NA,NA,1
"224","Tozinameran, Pfizer-Biontech","ISL",4,NA,7,NA,NA,1
"225","Tozinameran, Pfizer-Biontech","IND",1,1,2,NA,NA,NA
"226","Tozinameran, Pfizer-Biontech","IRL",11,NA,7,NA,NA,1
"227","Tozinameran, Pfizer-Biontech","ISR",3,NA,2,1,NA,NA
"228","Tozinameran, Pfizer-Biontech","ITA",9,NA,7,NA,NA,1
"229","Tozinameran, Pfizer-Biontech","JPN",9,NA,5,3,NA,3
"230","Tozinameran, Pfizer-Biontech","LVA",4,NA,7,NA,NA,1
"231","Tozinameran, Pfizer-Biontech","LIE",11,NA,7,NA,NA,1
"232","Tozinameran, Pfizer-Biontech","LTU",6,NA,7,NA,NA,1
"233","Tozinameran, Pfizer-Biontech","LUX",6,NA,7,NA,NA,1
"234","Tozinameran, Pfizer-Biontech","MKD",9,NA,7,NA,NA,1
"235","Tozinameran, Pfizer-Biontech","MLT",3,NA,6,NA,NA,NA
"236","Tozinameran, Pfizer-Biontech","MCO",4,NA,7,NA,NA,1
"237","Tozinameran, Pfizer-Biontech","MNE",1,NA,2,NA,NA,NA
"238","Tozinameran, Pfizer-Biontech","NLD",10,NA,7,NA,NA,1
"239","Tozinameran, Pfizer-Biontech","NZL",1,NA,NA,NA,NA,NA
"240","Tozinameran, Pfizer-Biontech","NOR",4,NA,6,NA,NA,NA
"241","Tozinameran, Pfizer-Biontech","POL",8,NA,7,NA,NA,1
"242","Tozinameran, Pfizer-Biontech","PRT",6,NA,7,NA,NA,1
"243","Tozinameran, Pfizer-Biontech","KOR",2,NA,1,NA,NA,NA
"244","Tozinameran, Pfizer-Biontech","ROU",5,NA,7,NA,NA,1
"245","Tozinameran, Pfizer-Biontech","SMR",1,NA,6,NA,NA,NA
"246","Tozinameran, Pfizer-Biontech","SRB",5,NA,7,NA,NA,1
"247","Tozinameran, Pfizer-Biontech","SGP",1,1,1,NA,NA,NA
"248","Tozinameran, Pfizer-Biontech","SVK",6,NA,7,NA,NA,1
"249","Tozinameran, Pfizer-Biontech","SVN",6,NA,7,NA,NA,1
"250","Tozinameran, Pfizer-Biontech","ESP",9,NA,7,NA,NA,1
"251","Tozinameran, Pfizer-Biontech","SWE",10,NA,7,NA,NA,1
"252","Tozinameran, Pfizer-Biontech","CHE",11,NA,7,NA,NA,1
"253","Tozinameran, Pfizer-Biontech","TUR",8,NA,7,NA,NA,1
"254","Tozinameran, Pfizer-Biontech","GBR",13,NA,7,NA,NA,1
"255","Tozinameran, Pfizer-Biontech","USA",31,11,16,NA,NA,NA
"256","Zorecimeran, Curevac","ALB",2,NA,5,NA,NA,1
"257","Zorecimeran, Curevac","AUS",7,NA,3,NA,3,NA
"258","Zorecimeran, Curevac","AUT",5,NA,6,NA,NA,3
"259","Zorecimeran, Curevac","BEL",6,NA,6,NA,NA,3
"260","Zorecimeran, Curevac","BIH",6,NA,1,NA,NA,NA
"261","Zorecimeran, Curevac","BGR",1,NA,6,NA,NA,1
"262","Zorecimeran, Curevac","CAN",1,NA,7,NA,NA,NA
"263","Zorecimeran, Curevac","CHN",5,NA,4,1,NA,NA
"264","Zorecimeran, Curevac","HRV",1,NA,6,NA,NA,1
"265","Zorecimeran, Curevac","CYP",5,NA,6,NA,NA,3
"266","Zorecimeran, Curevac","CZE",1,NA,6,NA,NA,1
"267","Zorecimeran, Curevac","DNK",5,NA,6,NA,NA,3
"268","Zorecimeran, Curevac","EST",1,NA,6,NA,NA,1
"269","Zorecimeran, Curevac","FIN",1,NA,6,NA,NA,3
"270","Zorecimeran, Curevac","FRA",9,NA,6,NA,NA,3
"271","Zorecimeran, Curevac","DEU",9,NA,6,NA,NA,3
"272","Zorecimeran, Curevac","GRC",1,NA,6,NA,NA,3
"273","Zorecimeran, Curevac","HUN",5,NA,6,NA,NA,1
"274","Zorecimeran, Curevac","ISL",2,NA,6,NA,NA,1
"275","Zorecimeran, Curevac","IND",3,NA,4,NA,NA,NA
"276","Zorecimeran, Curevac","IRL",6,NA,6,NA,NA,3
"277","Zorecimeran, Curevac","ISR",1,NA,3,1,NA,NA
"278","Zorecimeran, Curevac","ITA",9,NA,6,NA,NA,3
"279","Zorecimeran, Curevac","JPN",8,1,3,1,NA,1
"280","Zorecimeran, Curevac","LVA",2,NA,6,NA,NA,1
"281","Zorecimeran, Curevac","LIE",9,NA,6,NA,NA,3
"282","Zorecimeran, Curevac","LTU",2,NA,6,NA,NA,1
"283","Zorecimeran, Curevac","LUX",3,NA,6,NA,NA,3
"284","Zorecimeran, Curevac","MKD",6,NA,6,NA,NA,1
"285","Zorecimeran, Curevac","MLT",3,NA,6,NA,NA,1
"286","Zorecimeran, Curevac","MEX",5,NA,1,NA,NA,NA
"287","Zorecimeran, Curevac","MCO",3,NA,6,NA,NA,3
"288","Zorecimeran, Curevac","MNE",6,NA,1,NA,NA,NA
"289","Zorecimeran, Curevac","NLD",5,NA,6,NA,NA,3
"290","Zorecimeran, Curevac","NOR",2,NA,6,NA,NA,1
"291","Zorecimeran, Curevac","POL",2,NA,6,NA,NA,1
"292","Zorecimeran, Curevac","PRT",2,NA,6,NA,NA,3
"293","Zorecimeran, Curevac","KOR",3,NA,3,NA,NA,NA
"294","Zorecimeran, Curevac","ROU",3,NA,6,NA,NA,1
"295","Zorecimeran, Curevac","RUS",5,NA,1,NA,NA,NA
"296","Zorecimeran, Curevac","SRB",1,NA,6,NA,NA,1
"297","Zorecimeran, Curevac","SGP",4,4,4,NA,NA,NA
"298","Zorecimeran, Curevac","SVK",2,NA,6,NA,NA,1
"299","Zorecimeran, Curevac","SVN",4,NA,6,NA,NA,1
"300","Zorecimeran, Curevac","ESP",9,NA,6,NA,NA,3
"301","Zorecimeran, Curevac","SWE",4,NA,6,NA,NA,3
"302","Zorecimeran, Curevac","CHE",9,NA,6,NA,NA,3
"303","Zorecimeran, Curevac","TUR",4,NA,6,NA,NA,3
"304","Zorecimeran, Curevac","GBR",9,NA,6,NA,NA,3
"305","Zorecimeran, Curevac","USA",19,7,13,NA,NA,NA
"306","AZD1222, AstraZeneca-Oxford","SGP",NA,1,2,NA,NA,NA
"307","mRNA-1273, Moderna","ARG",NA,1,NA,NA,NA,NA
"308","mRNA-1273, Moderna","IND",NA,3,1,NA,NA,1
"309","mRNA-1273, Moderna","SGP",NA,6,2,1,NA,NA
"310","Ad26.COV2-S, J&J","CHL",NA,NA,1,NA,NA,NA
"311","Ad26.COV2-S, J&J","IDN",NA,NA,1,NA,NA,NA
"312","Ad26.COV2-S, J&J","PER",NA,NA,1,NA,NA,NA
"313","AZD1222, AstraZeneca-Oxford","ALB",NA,NA,2,NA,NA,NA
"314","AZD1222, AstraZeneca-Oxford","AUT",NA,NA,2,NA,NA,NA
"315","AZD1222, AstraZeneca-Oxford","BGR",NA,NA,2,NA,NA,NA
"316","AZD1222, AstraZeneca-Oxford","CAN",NA,NA,2,NA,NA,NA
"317","AZD1222, AstraZeneca-Oxford","HRV",NA,NA,2,NA,NA,NA
"318","AZD1222, AstraZeneca-Oxford","CYP",NA,NA,2,NA,NA,NA
"319","AZD1222, AstraZeneca-Oxford","CZE",NA,NA,2,NA,NA,NA
"320","AZD1222, AstraZeneca-Oxford","EST",NA,NA,2,NA,NA,NA
"321","AZD1222, AstraZeneca-Oxford","FIN",NA,NA,2,NA,NA,NA
"322","AZD1222, AstraZeneca-Oxford","GRC",NA,NA,2,NA,NA,NA
"323","AZD1222, AstraZeneca-Oxford","HUN",NA,NA,2,NA,NA,NA
"324","AZD1222, AstraZeneca-Oxford","ISL",NA,NA,2,NA,NA,NA
"325","AZD1222, AstraZeneca-Oxford","LVA",NA,NA,2,NA,NA,NA
"326","AZD1222, AstraZeneca-Oxford","LTU",NA,NA,2,NA,NA,NA
"327","AZD1222, AstraZeneca-Oxford","LUX",NA,NA,2,NA,NA,NA
"328","AZD1222, AstraZeneca-Oxford","MKD",NA,NA,2,NA,NA,NA
"329","AZD1222, AstraZeneca-Oxford","MLT",NA,NA,2,NA,NA,NA
"330","AZD1222, AstraZeneca-Oxford","MEX",NA,NA,1,NA,NA,NA
"331","AZD1222, AstraZeneca-Oxford","MCO",NA,NA,2,NA,NA,NA
"332","AZD1222, AstraZeneca-Oxford","POL",NA,NA,2,NA,NA,NA
"333","AZD1222, AstraZeneca-Oxford","PRT",NA,NA,2,NA,NA,NA
"334","AZD1222, AstraZeneca-Oxford","KOR",NA,NA,1,NA,NA,NA
"335","AZD1222, AstraZeneca-Oxford","ROU",NA,NA,2,NA,NA,NA
"336","AZD1222, AstraZeneca-Oxford","SMR",NA,NA,2,NA,NA,NA
"337","AZD1222, AstraZeneca-Oxford","SRB",NA,NA,2,NA,NA,NA
"338","AZD1222, AstraZeneca-Oxford","SVK",NA,NA,2,NA,NA,NA
"339","AZD1222, AstraZeneca-Oxford","SVN",NA,NA,2,NA,NA,NA
"340","AZD1222, AstraZeneca-Oxford","TUR",NA,NA,2,NA,NA,NA
"341","BBIBP-CorV, Sinopharm-BBIBP","CHN",NA,NA,1,NA,NA,NA
"342","Coronavac, Sinovac","CHN",NA,NA,1,NA,NA,NA
"343","Covaxin, Bharat-ICMR","CHN",NA,NA,1,NA,NA,NA
"344","mRNA-1273, Moderna","BRA",NA,NA,2,NA,NA,1
"345","mRNA-1273, Moderna","BGR",NA,NA,18,NA,NA,12
"346","NVX-CoV2373, Novavax","ALB",NA,NA,1,NA,NA,NA
"347","NVX-CoV2373, Novavax","BGR",NA,NA,1,NA,NA,NA
"348","NVX-CoV2373, Novavax","CHN",NA,NA,1,NA,NA,NA
"349","NVX-CoV2373, Novavax","HRV",NA,NA,1,NA,NA,NA
"350","NVX-CoV2373, Novavax","CYP",NA,NA,1,NA,NA,NA
"351","NVX-CoV2373, Novavax","CZE",NA,NA,1,NA,NA,NA
"352","NVX-CoV2373, Novavax","EST",NA,NA,1,NA,NA,NA
"353","NVX-CoV2373, Novavax","FIN",NA,NA,1,NA,NA,NA
"354","NVX-CoV2373, Novavax","GRC",NA,NA,1,NA,NA,NA
"355","NVX-CoV2373, Novavax","HKG",NA,NA,1,NA,NA,NA
"356","NVX-CoV2373, Novavax","ISL",NA,NA,1,NA,NA,NA
"357","NVX-CoV2373, Novavax","IND",NA,NA,1,NA,NA,NA
"358","NVX-CoV2373, Novavax","IRL",NA,NA,1,NA,NA,NA
"359","NVX-CoV2373, Novavax","ISR",NA,NA,1,NA,NA,NA
"360","NVX-CoV2373, Novavax","LVA",NA,NA,1,NA,NA,NA
"361","NVX-CoV2373, Novavax","LTU",NA,NA,1,NA,NA,NA
"362","NVX-CoV2373, Novavax","LUX",NA,NA,1,NA,NA,NA
"363","NVX-CoV2373, Novavax","MKD",NA,NA,1,NA,NA,NA
"364","NVX-CoV2373, Novavax","MLT",NA,NA,1,NA,NA,NA
"365","NVX-CoV2373, Novavax","MEX",NA,NA,1,NA,NA,NA
"366","NVX-CoV2373, Novavax","MCO",NA,NA,1,NA,NA,NA
"367","NVX-CoV2373, Novavax","NOR",NA,NA,1,NA,NA,NA
"368","NVX-CoV2373, Novavax","PRT",NA,NA,1,NA,NA,NA
"369","NVX-CoV2373, Novavax","KOR",NA,NA,1,NA,NA,NA
"370","NVX-CoV2373, Novavax","ROU",NA,NA,1,NA,NA,NA
"371","NVX-CoV2373, Novavax","SMR",NA,NA,1,NA,NA,NA
"372","NVX-CoV2373, Novavax","SRB",NA,NA,1,NA,NA,NA
"373","NVX-CoV2373, Novavax","SGP",NA,NA,2,NA,NA,NA
"374","NVX-CoV2373, Novavax","SVK",NA,NA,1,NA,NA,NA
"375","NVX-CoV2373, Novavax","SVN",NA,NA,1,NA,NA,NA
"376","NVX-CoV2373, Novavax","TUR",NA,NA,1,NA,NA,NA
"377","Zorecimeran, Curevac","ARM",NA,NA,1,NA,NA,NA
"378","Zorecimeran, Curevac","AZE",NA,NA,1,NA,NA,NA
"379","Zorecimeran, Curevac","BLR",NA,NA,1,NA,NA,NA
"380","Zorecimeran, Curevac","BRA",NA,NA,6,NA,NA,NA
"381","Zorecimeran, Curevac","HKG",NA,NA,4,NA,NA,NA
"382","Zorecimeran, Curevac","KAZ",NA,NA,1,NA,NA,NA
"383","Zorecimeran, Curevac","KGZ",NA,NA,1,NA,NA,NA
"384","Zorecimeran, Curevac","MDA",NA,NA,1,NA,NA,NA
"385","Zorecimeran, Curevac","SMR",NA,NA,6,NA,NA,1
"386","Zorecimeran, Curevac","TJK",NA,NA,1,NA,NA,NA
"387","Zorecimeran, Curevac","TKM",NA,NA,1,NA,NA,NA
"388","mRNA-1273, Moderna","TWN",NA,NA,NA,1,NA,1
"389","AZD1222, AstraZeneca-Oxford","BRA",NA,NA,NA,NA,NA,1
"390","AZD1222, AstraZeneca-Oxford","RUS",NA,NA,NA,NA,NA,1
